--BÀI TẬP LAB1
CREATE DATABASE QLBH
USE QLBH
-------------------------------------------------
-------------------------------------------------
-- Tao bang + khoa chinh,khoa ngoai
--I.1
CREATE TABLE KHACHHANG
(
	MAKH CHAR(4) CONSTRAINT PK_KH PRIMARY KEY,
	HOTEN VARCHAR(40),
	DCHI VARCHAR(50),
	SODT VARCHAR(20),
	NGSINH SMALLDATETIME,
	DOANHSO MONEY,
	NGDK SMALLDATETIME,
)

CREATE TABLE NHANVIEN
(
	MANV CHAR(4) CONSTRAINT PK_NV PRIMARY KEY,
	HOTEN VARCHAR(40),
	SODT VARCHAR(20),
	NGVL SMALLDATETIME,
)

CREATE TABLE SANPHAM
(
	MASP CHAR(4) CONSTRAINT PK_SP PRIMARY KEY,
	TENSP VARCHAR(40),
	DVT VARCHAR(20),
	NUOCSX VARCHAR(40),
	GIA MONEY,
)

CREATE TABLE HOADON
(
	SOHD INT CONSTRAINT PK_HD PRIMARY KEY,
	NGHD SMALLDATETIME,
	MAKH CHAR(4) CONSTRAINT FK_HD_KH FOREIGN KEY REFERENCES KHACHHANG(MAKH),
	MANV CHAR(4) CONSTRAINT FK_HD_NV FOREIGN KEY REFERENCES NHANVIEN(MANV),
	TRIGIA MONEY,
)

CREATE TABLE CTHD
(
	SOHD INT CONSTRAINT FK_CTHD_HD FOREIGN KEY REFERENCES HOADON(SOHD),
	MASP CHAR(4) CONSTRAINT FK_CTHD_SP FOREIGN KEY REFERENCES SANPHAM(MASP),
	SL INT,
	CONSTRAINT PK_CTHD PRIMARY KEY(SOHD, MASP),
)

------------------------------
------------------------------
-- Nhap lieu

delete from KHACHHANG
delete from NHANVIEN
delete from SANPHAM
delete from HOADON
delete from CTHD

SET DATEFORMAT DMY 

INSERT INTO NHANVIEN(MANV,HOTEN,SODT,NGVL) VALUES ('NV01','NGUYEN NHU NHUT','0927345678','13/04/2006')
INSERT INTO NHANVIEN(MANV,HOTEN,SODT,NGVL) VALUES ('NV02','LE THI PHI YEN','0987567390','21/04/2006')
INSERT INTO NHANVIEN(MANV,HOTEN,SODT,NGVL) VALUES ('NV03','NGUYEN VAN B','0997047382','27/04/2006')
INSERT INTO NHANVIEN(MANV,HOTEN,SODT,NGVL) VALUES ('NV04','NGO THANH TUAN','0913758498','24/06/2006')
INSERT INTO NHANVIEN(MANV,HOTEN,SODT,NGVL) VALUES ('NV05','NGUYEN THI TRUC THANH','0918590387','20/07/2006')

INSERT INTO KHACHHANG(MAKH,HOTEN,DCHI,SODT,NGSINH,NGDK,DOANHSO) VALUES ('KH01','NGUYEN VAN A','731TRAN HUNG DAO,Q5,THHCM','08823451','22/10/1960','22/07/2006',13060000)
INSERT INTO KHACHHANG(MAKH,HOTEN,DCHI,SODT,NGSINH,NGDK,DOANHSO) VALUES ('KH02','TRAN NGOC HAN','23/5NGUYEN TRAI,Q5,TPHCM','0908256478','03/04/1974','30/07/2006',280000)
INSERT INTO KHACHHANG(MAKH,HOTEN,DCHI,SODT,NGSINH,NGDK,DOANHSO) VALUES ('KH03','TRAN NGOC LINH','45NGUYEN CANH CHAN,Q1,TPHCM','0938776266','10/06/1980','05/05/2006',3860000)
INSERT INTO KHACHHANG(MAKH,HOTEN,DCHI,SODT,NGSINH,NGDK,DOANHSO) VALUES ('KH04','TRAN MINH LONG','50/34LE DAI HANH,Q10,TPHCM','0917325476','09/03/1965','02/10/2006',250000)
INSERT INTO KHACHHANG(MAKH,HOTEN,DCHI,SODT,NGSINH,NGDK,DOANHSO) VALUES ('KH05','LE NHAT MINH','34TRUONG DINH,Q3,TPHCM','08246108','10/03/1950','28/10/2006',21000)
INSERT INTO KHACHHANG(MAKH,HOTEN,DCHI,SODT,NGSINH,NGDK,DOANHSO) VALUES ('KH06','LE HOAI THUONG','227NGUYEN VAN CU,Q5,TPHCM','08631738','31/12/1981','24/11/2006',915000)
INSERT INTO KHACHHANG(MAKH,HOTEN,DCHI,SODT,NGSINH,NGDK,DOANHSO) VALUES ('KH07','NGUYEN VAN TAM','32/3 TRAN BINH TRONG,Q5,TPHCM','0916783565','06/06/1971','01/12/2006',12500)
INSERT INTO KHACHHANG(MAKH,HOTEN,DCHI,SODT,NGSINH,NGDK,DOANHSO) VALUES ('KH08','PHAN THI THANH','45/2 AN DUONG VUONG,Q5,TPHCM','0938435756','10/01/1971','13/12/2006',365000)
INSERT INTO KHACHHANG(MAKH,HOTEN,DCHI,SODT,NGSINH,NGDK,DOANHSO) VALUES ('KH09','LE HA VINH','837 LE HONG PHONG,Q5,TPHCM','08654763','03/03/1979','14/01/2007',70000)
INSERT INTO KHACHHANG(MAKH,HOTEN,DCHI,SODT,NGSINH,NGDK,DOANHSO) VALUES ('KH10','HA DUY LAP','34/34B NGUYEN TRAI,Q5,TPHCM','08768904','02/05/1983','16/01/2007',67500)

INSERT INTO SANPHAM(MASP,TENSP,DVT,NUOCSX,GIA) VALUES ('BC01','BUT CHI','CAY','SINGAPORE',3000)
INSERT INTO SANPHAM(MASP,TENSP,DVT,NUOCSX,GIA) VALUES ('BC02','BUT CHI','CAY','SINGAPORE',5000)
INSERT INTO SANPHAM(MASP,TENSP,DVT,NUOCSX,GIA) VALUES ('BC03','BUT CHI','CAY','VIETNAM',3500)
INSERT INTO SANPHAM(MASP,TENSP,DVT,NUOCSX,GIA) VALUES ('BC04','BUT CHI','HOP','VIETNAM',30000)
INSERT INTO SANPHAM(MASP,TENSP,DVT,NUOCSX,GIA) VALUES ('BB01','BUT BI','CAY','VIETNAM',5000)
INSERT INTO SANPHAM(MASP,TENSP,DVT,NUOCSX,GIA) VALUES ('BB02','BUT BI','CAY','TRUNGQUOC',7000)
INSERT INTO SANPHAM(MASP,TENSP,DVT,NUOCSX,GIA) VALUES ('BB03','BUT BI','HOP','THAILAN',100000)
INSERT INTO SANPHAM(MASP,TENSP,DVT,NUOCSX,GIA) VALUES ('TV01','TAP 100 TRANG GIAY MONG','QUYEN','TRUNGQUOC',2500)
INSERT INTO SANPHAM(MASP,TENSP,DVT,NUOCSX,GIA) VALUES ('TV02','TAP 200 TRANG GIAY MONG','QUYEN','TRUNGQUOC',4500)
INSERT INTO SANPHAM(MASP,TENSP,DVT,NUOCSX,GIA) VALUES ('TV03','TAP 100 TRANG GIAY TOT','QUYEN','VIETNAM',3000)
INSERT INTO SANPHAM(MASP,TENSP,DVT,NUOCSX,GIA) VALUES ('TV04','TAP 200 TRANG GIAY TOT','QUYEN','VIETNAM',5500)
INSERT INTO SANPHAM(MASP,TENSP,DVT,NUOCSX,GIA) VALUES ('TV05','TAP 100 TRANG ','CHUC','VIETNAM',23000)
INSERT INTO SANPHAM(MASP,TENSP,DVT,NUOCSX,GIA) VALUES ('TV06','TAP 200 TRANG ','CHUC','VIETNAM',53000)
INSERT INTO SANPHAM(MASP,TENSP,DVT,NUOCSX,GIA) VALUES ('TV07','TAP 100 TRANG ','CHUC','TRUNGQUOC',34000)
INSERT INTO SANPHAM(MASP,TENSP,DVT,NUOCSX,GIA) VALUES ('ST01','SO TAY 500 TRANG','QUYEN','TRUNGQUOC',40000)
INSERT INTO SANPHAM(MASP,TENSP,DVT,NUOCSX,GIA) VALUES ('ST02','SO TAY LOAI 1','QUYEN','VIETNAM',55000)
INSERT INTO SANPHAM(MASP,TENSP,DVT,NUOCSX,GIA) VALUES ('ST03','SO TAY LOAI 2','QUYEN','VIETNAM',51000)
INSERT INTO SANPHAM(MASP,TENSP,DVT,NUOCSX,GIA) VALUES ('ST04','SO TAY','QUYEN','THAILAN',55000)
INSERT INTO SANPHAM(MASP,TENSP,DVT,NUOCSX,GIA) VALUES ('ST05','SO TAY MONG','QUYEN','THAILAN',20000)
INSERT INTO SANPHAM(MASP,TENSP,DVT,NUOCSX,GIA) VALUES ('ST06','PHAN VIET BANG','HOP','VIETNAM',5000)
INSERT INTO SANPHAM(MASP,TENSP,DVT,NUOCSX,GIA) VALUES ('ST07','PHAN KHONG BUI','HOP','VIETNAM',7000)
INSERT INTO SANPHAM(MASP,TENSP,DVT,NUOCSX,GIA) VALUES ('ST08','BONG BAMG','CAI','VIETNAM',1000)
INSERT INTO SANPHAM(MASP,TENSP,DVT,NUOCSX,GIA) VALUES ('ST09','BUT LONG','CAY','VIETNAM',5000)
INSERT INTO SANPHAM(MASP,TENSP,DVT,NUOCSX,GIA) VALUES ('ST10','BUT LONG','CAY','TRUNGQUOC',7000)

INSERT INTO HOADON(SOHD,NGHD,MAKH,MANV,TRIGIA) VALUES (1001,'27/07/2006','KH01','NV01',320000)
INSERT INTO HOADON(SOHD,NGHD,MAKH,MANV,TRIGIA) VALUES (1002,'10/08/2006','KH01','NV02',840000)
INSERT INTO HOADON(SOHD,NGHD,MAKH,MANV,TRIGIA) VALUES (1003,'23/08/2006','KH02','NV01',100000)
INSERT INTO HOADON(SOHD,NGHD,MAKH,MANV,TRIGIA) VALUES (1004,'01/09/2006','KH02','NV01',180000)
INSERT INTO HOADON(SOHD,NGHD,MAKH,MANV,TRIGIA) VALUES (1005,'20/10/2006','KH01','NV02',3800000)
INSERT INTO HOADON(SOHD,NGHD,MAKH,MANV,TRIGIA) VALUES (1006,'16/10/2006','KH01','NV03',2430000)
INSERT INTO HOADON(SOHD,NGHD,MAKH,MANV,TRIGIA) VALUES (1007,'28/10/2006','KH03','NV03',510000)
INSERT INTO HOADON(SOHD,NGHD,MAKH,MANV,TRIGIA) VALUES (1008,'28/10/2006','KH01','NV03',440000)
INSERT INTO HOADON(SOHD,NGHD,MAKH,MANV,TRIGIA) VALUES (1009,'28/10/2006','KH03','NV04',200000)
INSERT INTO HOADON(SOHD,NGHD,MAKH,MANV,TRIGIA) VALUES (1010,'01/11/2006','KH01','NV01',5200000)
INSERT INTO HOADON(SOHD,NGHD,MAKH,MANV,TRIGIA) VALUES (1011,'04/11/2006','KH04','NV03',250000)
INSERT INTO HOADON(SOHD,NGHD,MAKH,MANV,TRIGIA) VALUES (1012,'30/11/2006','KH05','NV03',21000)
INSERT INTO HOADON(SOHD,NGHD,MAKH,MANV,TRIGIA) VALUES (1013,'12/12/2006','KH06','NV01',5000)
INSERT INTO HOADON(SOHD,NGHD,MAKH,MANV,TRIGIA) VALUES (1014,'31/12/2006','KH03','NV02',3150000)
INSERT INTO HOADON(SOHD,NGHD,MAKH,MANV,TRIGIA) VALUES (1015,'01/01/2007','KH06','NV01',910000)
INSERT INTO HOADON(SOHD,NGHD,MAKH,MANV,TRIGIA) VALUES (1016,'01/01/2007','KH07','NV02',12500)
INSERT INTO HOADON(SOHD,NGHD,MAKH,MANV,TRIGIA) VALUES (1017,'02/01/2007','KH08','NV03',35000)
INSERT INTO HOADON(SOHD,NGHD,MAKH,MANV,TRIGIA) VALUES (1018,'13/01/2007','KH08','NV03',330000)
INSERT INTO HOADON(SOHD,NGHD,MAKH,MANV,TRIGIA) VALUES (1019,'13/01/2007','KH01','NV03',30000)
INSERT INTO HOADON(SOHD,NGHD,MAKH,MANV,TRIGIA) VALUES (1020,'14/01/2007','KH09','NV04',70000)
INSERT INTO HOADON(SOHD,NGHD,MAKH,MANV,TRIGIA) VALUES (1021,'16/01/2007','KH10','NV03',67500)
INSERT INTO HOADON(SOHD,NGHD,MAKH,MANV,TRIGIA) VALUES (1022,'16/01/2007',NULL,'NV03',7000)
INSERT INTO HOADON(SOHD,NGHD,MAKH,MANV,TRIGIA) VALUES (1023,'17/01/2007',NULL,'NV01',330000)

INSERT INTO CTHD(SOHD,MASP,SL) VALUES (1001,'TV02',10)
INSERT INTO CTHD(SOHD,MASP,SL) VALUES (1001,'ST01',5)
INSERT INTO CTHD(SOHD,MASP,SL) VALUES (1001,'BC01',5)
INSERT INTO CTHD(SOHD,MASP,SL) VALUES (1001,'BC02',10)
INSERT INTO CTHD(SOHD,MASP,SL) VALUES (1001,'ST08',10)
INSERT INTO CTHD(SOHD,MASP,SL) VALUES (1002,'BC04',20)
INSERT INTO CTHD(SOHD,MASP,SL) VALUES (1002,'BB01',20)
INSERT INTO CTHD(SOHD,MASP,SL) VALUES (1002,'BB02',20)
INSERT INTO CTHD(SOHD,MASP,SL) VALUES (1003,'BB03',10)
INSERT INTO CTHD(SOHD,MASP,SL) VALUES (1004,'TV01',20)
INSERT INTO CTHD(SOHD,MASP,SL) VALUES (1004,'TV02',10)
INSERT INTO CTHD(SOHD,MASP,SL) VALUES (1004,'TV03',10)
INSERT INTO CTHD(SOHD,MASP,SL) VALUES (1004,'TV04',10)
INSERT INTO CTHD(SOHD,MASP,SL) VALUES (1005,'TV05',50)
INSERT INTO CTHD(SOHD,MASP,SL) VALUES (1005,'TV06',50)
INSERT INTO CTHD(SOHD,MASP,SL) VALUES (1006,'TV07',20)
INSERT INTO CTHD(SOHD,MASP,SL) VALUES (1006,'ST01',30)
INSERT INTO CTHD(SOHD,MASP,SL) VALUES (1006,'ST02',10)
INSERT INTO CTHD(SOHD,MASP,SL) VALUES (1007,'ST03',10)
INSERT INTO CTHD(SOHD,MASP,SL) VALUES (1008,'ST04',8)
INSERT INTO CTHD(SOHD,MASP,SL) VALUES (1009,'ST05',10)
INSERT INTO CTHD(SOHD,MASP,SL) VALUES (1010,'TV07',50)
INSERT INTO CTHD(SOHD,MASP,SL) VALUES (1010,'ST07',50)
INSERT INTO CTHD(SOHD,MASP,SL) VALUES (1010,'ST08',100)
INSERT INTO CTHD(SOHD,MASP,SL) VALUES (1010,'ST04',50)
INSERT INTO CTHD(SOHD,MASP,SL) VALUES (1010,'TV03',100)
INSERT INTO CTHD(SOHD,MASP,SL) VALUES (1011,'ST06',50)
INSERT INTO CTHD(SOHD,MASP,SL) VALUES (1012,'ST07',3)
INSERT INTO CTHD(SOHD,MASP,SL) VALUES (1013,'ST08',5)
INSERT INTO CTHD(SOHD,MASP,SL) VALUES (1014,'BC02',80)
INSERT INTO CTHD(SOHD,MASP,SL) VALUES (1014,'BB02',100)
INSERT INTO CTHD(SOHD,MASP,SL) VALUES (1014,'BC04',60)
INSERT INTO CTHD(SOHD,MASP,SL) VALUES (1014,'BB01',50)
INSERT INTO CTHD(SOHD,MASP,SL) VALUES (1015,'BB02',30)
INSERT INTO CTHD(SOHD,MASP,SL) VALUES (1015,'BB03',7)
INSERT INTO CTHD(SOHD,MASP,SL) VALUES (1016,'TV01',5)
INSERT INTO CTHD(SOHD,MASP,SL) VALUES (1017,'TV02',1)
INSERT INTO CTHD(SOHD,MASP,SL) VALUES (1017,'TV03',1)
INSERT INTO CTHD(SOHD,MASP,SL) VALUES (1017,'TV04',5)
INSERT INTO CTHD(SOHD,MASP,SL) VALUES (1018,'ST04',6)
INSERT INTO CTHD(SOHD,MASP,SL) VALUES (1019,'ST05',1)
INSERT INTO CTHD(SOHD,MASP,SL) VALUES (1019,'ST06',2)
INSERT INTO CTHD(SOHD,MASP,SL) VALUES (1020,'ST07',10)
INSERT INTO CTHD(SOHD,MASP,SL) VALUES (1021,'ST08',5)
INSERT INTO CTHD(SOHD,MASP,SL) VALUES (1021,'TV01',7)
INSERT INTO CTHD(SOHD,MASP,SL) VALUES (1021,'TV02',10)
INSERT INTO CTHD(SOHD,MASP,SL) VALUES (1022,'ST07',1)
INSERT INTO CTHD(SOHD,MASP,SL) VALUES (1023,'ST04',6)

--BÀI TẬP LAB2
--I. DDL
--I.2
ALTER TABLE SANPHAM
ADD GHICHU VARCHAR(20)

--I.3
ALTER TABLE KHACHHANG
ADD LOAIKH TINYINT

--I.4 
ALTER TABLE SANPHAM
ALTER COLUMN GHICHU VARCHAR(100)

--I.5 
ALTER TABLE SANPHAM
DROP COLUMN GHICHU

--I.6
ALTER TABLE KHACHHANG
ALTER COLUMN LOAIKH VARCHAR(20)

--I.7
ALTER TABLE SANPHAM
ADD CHECK ( DVT IN ('cay', 'hop', 'cai', 'quyen', 'chuc'))

--I.8
ALTER TABLE SANPHAM
ADD CHECK (GIA > 500)

--I.9 
ALTER TABLE CTHD
ADD CHECK (SL >=1)



--------------------------------------------------------------------

--II. DML
--II.1 Đã nhập ở trên

--II.2
SELECT *INTO SANPHAM1 FROM SANPHAM
SELECT *INTO KHACHHANG1 FROM KHACHHANG

--II.3
UPDATE SANPHAM1
SET GIA = GIA * 1.05
WHERE NUOCSX = 'Thai Lan'

--II.4
UPDATE SANPHAM1
SET GIA = GIA * 0.95
WHERE NUOCSX = 'Trung Quoc' AND GIA <= 10000

--II.5 (LOAIKH da them o I.3)
UPDATE KHACHHANG1
SET LOAIKH = 'VIP'
WHERE (NGDK < '1/1/2007' AND DOANHSO >= '10000000') 
OR (NGDK > '1/1/2007' AND DOANHSO >= '2000000')

--------------------------------------------------------------------

--III. Ngôn ngữ truy vấn dữ liệu
--III.1
SELECT MASP, TENSP FROM SANPHAM
WHERE NUOCSX = 'Trung Quoc'

--III.2
SELECT MASP, TENSP FROM SANPHAM
WHERE DVT IN ('cay', 'quyen')

--III.3
SELECT MASP, TENSP FROM SANPHAM
WHERE MASP LIKE 'B%01'

--III.4
SELECT MASP, TENSP FROM SANPHAM
	WHERE (NUOCSX = 'Trung Quoc')
	AND (GIA BETWEEN 30000 AND 40000)

--III.5
SELECT MASP, TENSP FROM SANPHAM
	WHERE (NUOCSX IN ('Trung Quoc','Thai Lan'))
	AND (GIA BETWEEN 30000 AND 40000)

--III.6
SELECT SOHD, TRIGIA FROM HOADON
WHERE NGHD IN ('1/1/2007', '2/1/2007')

--III.7
SELECT SOHD, TRIGIA FROM HOADON
WHERE MONTH(NGHD) = '1' AND YEAR(NGHD) = '2007'
ORDER BY NGHD ASC, TRIGIA DESC

--III.8
SELECT kh.MAKH, kh.HOTEN FROM KHACHHANG kh, HOADON hd
WHERE kh.MAKH = hd.MAKH
AND HD.NGHD = '1/1/2007'

--III.9
SELECT HD.SOHD, HD.TRIGIA FROM NHANVIEN NV, HOADON HD
WHERE NV.MANV = HD.MANV
	AND (NV.HOTEN = 'Nguyen Van B')
	AND (HD.NGHD = '28/10/2006')


--III.10
SELECT SP.MASP, SP.TENSP FROM SANPHAM SP, KHACHHANG KH, HOADON HD, CTHD 
WHERE KH.MAKH = HD.MAKH AND HD.SOHD = CTHD.SOHD AND SP.MASP = CTHD.MASP
AND KH.HOTEN = 'Nguyen Van A' AND MONTH(NGHD) = '10' AND YEAR(NGHD) = '2006'


--III.11
SELECT SOHD FROM CTHD
WHERE MASP = 'BB01' OR MASP = 'BB02'

--III.12
SELECT SOHD FROM CTHD
WHERE MASP = 'BB01' OR MASP = 'BB02'
AND (SL BETWEEN 10 AND 20)


-----------------------------------------------------------------------
--LAB 3

--III.13
SELECT DISTINCT SOHD
FROM CTHD
WHERE MASP = 'BB01' AND ( SL BETWEEN 10 AND 20)
INTERSECT
SELECT DISTINCT SOHD
FROM CTHD
WHERE MASP = 'BB02' AND ( SL BETWEEN 10 AND 20)

--III.14
SELECT MASP, TENSP
FROM SANPHAM
WHERE NUOCSX = 'Trung Quoc'
UNION
SELECT SP.MASP, TENSP
FROM HOADON HD, CTHD, SANPHAM SP
WHERE HD.SOHD = CTHD.SOHD AND CTHD.MASP = SP.MASP
AND NGHD = '1/1/2007'

--III.15
SELECT MASP, TENSP
FROM SANPHAM
EXCEPT
(
	SELECT SP.MASP, TENSP
	FROM SANPHAM SP, CTHD
	WHERE SP.MASP = CTHD.MASP
)

--III.16
SELECT MASP, TENSP
FROM SANPHAM
EXCEPT
(
	SELECT SP.MASP, TENSP
	FROM HOADON HD, CTHD, SANPHAM SP
	WHERE HD.SOHD = CTHD.SOHD AND CTHD.MASP = SP.MASP
	AND YEAR(NGHD) = 2006
)

--III.17
SELECT MASP, TENSP
FROM SANPHAM
WHERE NUOCSX = 'Trung Quoc'
EXCEPT
(
	SELECT SP.MASP, TENSP
	FROM HOADON HD, CTHD, SANPHAM SP
	WHERE HD.SOHD = CTHD.SOHD AND CTHD.MASP = SP.MASP
	AND NUOCSX = 'Trung Quoc'
	AND YEAR(NGHD) = 2006
)

--III.20
SELECT COUNT(SOHD) 'KH khong phai thanh vien'
FROM KHACHHANG KH, HOADON HD
WHERE KH.MAKH = HD.MAKH
AND NGDK IS NULL

--III.21
SELECT COUNT(DISTINCT SP.MASP) 'SP khac nhau 2006'
FROM HOADON HD, CTHD, SANPHAM SP
WHERE HD.SOHD = CTHD.SOHD AND CTHD.MASP = SP.MASP
AND YEAR(NGHD) = 2006

--III.22
SELECT MAX(TRIGIA) 'HD MAX', MIN(TRIGIA) 'HD MIN'
FROM HOADON

--III.23
SELECT AVG(TRIGIA) 'Tri gia trung binh'
FROM HOADON HD
WHERE YEAR(NGHD) = 2006

--III.24
SELECT SUM(TRIGIA) 'Doan thu ban hang'
FROM HOADON HD 
WHERE YEAR(NGHD) = 2006

--III.25
SELECT TOP 1 WITH TIES SOHD
FROM HOADON
WHERE YEAR(NGHD) = 2006
ORDER BY TRIGIA DESC

--III.26
SELECT HOTEN
FROM KHACHHANG KH, HOADON HD
WHERE KH.MAKH = HD.MAKH 
AND YEAR(NGHD) = 2006
AND TRIGIA = (  
				SELECT MAX(TRIGIA)
				FROM HOADON
			)

--III.27
SELECT TOP 3 MAKH, HOTEN
FROM KHACHHANG 
ORDER BY DOANHSO DESC

--III.28
SELECT MASP, TENSP
FROM SANPHAM
WHERE GIA IN (
				SELECT DISTINCT TOP 3 GIA
				FROM SANPHAM
				ORDER BY GIA DESC
			)

--III.29
SELECT MASP, TENSP
FROM SANPHAM
WHERE GIA IN (
				SELECT DISTINCT TOP 3 GIA
				FROM SANPHAM
				ORDER BY GIA DESC
			)
AND NUOCSX = 'Thai Lan'

--III.30
SELECT MASP, TENSP
FROM SANPHAM
WHERE GIA IN (
				SELECT DISTINCT TOP 3 GIA
				FROM SANPHAM
				WHERE NUOCSX = 'Trung Quoc'
				ORDER BY GIA DESC
			)
AND NUOCSX = 'Trung Quoc'

--III.31

--III.32
SELECT COUNT(DISTINCT MASP) 'So san pham'
FROM SANPHAM 
WHERE NUOCSX = 'Trung Quoc'

--III.33
SELECT COUNT(DISTINCT MASP)
FROM SANPHAM 
GROUP BY NUOCSX

--III.34
SELECT NUOCSX, MAX(GIA) 'Gia ban cao nhat', MIN(GIA) 'Gia ban thap nhat', AVG(GIA) 'Gia ban trung binh'
FROM SANPHAM 
GROUP BY NUOCSX

--III.35
SELECT DAY(NGHD) 'Day', SUM(TRIGIA) 'Tong'
FROM HOADON
GROUP BY DAY(NGHD)

--III.36
SELECT MASP, SUM(SL) 'Tong'
FROM HOADON HD, CTHD
WHERE HD.SOHD = CTHD.SOHD 
AND MONTH(NGHD) = 10
AND YEAR(NGHD) = 2006
GROUP BY MASP

--III.37
SELECT MONTH(NGHD) 'Thang', SUM(TRIGIA) 'Tong'
FROM HOADON 
WHERE YEAR(NGHD) = 2006
GROUP BY MONTH(NGHD)

-----------------------------------------------------------------------
--LAB 4

--III.38
SELECT SOHD, COUNT(MASP) 'SO HOA DON'
FROM CTHD
GROUP BY SOHD
HAVING COUNT(MASP) >=4

--III.39
SELECT SOHD, COUNT(CTHD.MASP) 'SO SP KHAC VN SX'
FROM CTHD, SANPHAM SP
WHERE CTHD.MASP = SP.MASP
AND NUOCSX = 'VIETNAM'
GROUP BY SOHD
HAVING COUNT(DISTINCT SP.MASP) = 3

--III.40
SELECT TOP 1 WITH TIES KH.MAKH, HOTEN, COUNT(SOHD) 'SO LAN MUA HANG'
FROM KHACHHANG KH, HOADON HD
WHERE KH.MAKH = HD.MAKH
GROUP BY KH.MAKH, HOTEN
ORDER BY COUNT(SOHD) DESC

--III.41
SELECT TOP 1 WITH TIES MONTH(NGHD) ' THANG', SUM(TRIGIA) 'DOANH THU CAO NHAT'
FROM HOADON
WHERE YEAR(NGHD) = 2006
GROUP BY MONTH(NGHD)
ORDER BY SUM(TRIGIA) DESC

--III.42
SELECT TOP 1 WITH TIES SP.MASP, TENSP, SUM(SL) 'TONG SL'
FROM SANPHAM SP, CTHD, HOADON HD
WHERE SP.MASP = CTHD.MASP AND CTHD.SOHD = HD.SOHD
AND YEAR(NGHD) = 2006
GROUP BY SP.MASP, TENSP
ORDER BY SUM(SL) ASC

--III.43
SELECT SP1.NUOCSX, MASP, TENSP
FROM SANPHAM SP1
WHERE GIA IN (
				SELECT TOP 1 WITH TIES GIA
				FROM SANPHAM SP2
				WHERE SP2.NUOCSX = SP1.NUOCSX
				ORDER BY GIA DESC
			)

--III.44
SELECT NUOCSX, COUNT(DISTINCT MASP) 'SP >= 3'
FROM SANPHAM
GROUP BY NUOCSX
HAVING COUNT(DISTINCT GIA) >= 3

--III.45
SELECT TOP 1 WITH TIES KH1.MAKH, HOTEN, COUNT(SOHD)
FROM KHACHHANG KH1, HOADON HD
WHERE KH1.MAKH = HD.MAKH
AND EXISTS (
				SELECT TOP 10 *
				FROM KHACHHANG KH2
				WHERE KH2.MAKH = KH1.MAKH
				GROUP BY KH2.MAKH
				ORDER BY SUM(DOANHSO) DESC
			)
GROUP BY KH1.MAKH, HOTEN
ORDER BY COUNT(SOHD) DESC
