<?xml version="1.0" encoding="UTF-8"?>
<openerp>
    <data noupdate="1">
        <record id="procurement_plan_code" model="ir.sequence.type">
            <field name="name">Procurement Plan</field>
            <field name="code">procurement.plan</field>
        </record>
        <record id="procurement_plan" model="ir.sequence">
            <field name="name">Procurement Plan</field>
            <field name="code">procurement.plan</field>
            <field eval="6" name="padding"/>
            <field name="prefix">PPLAN-</field>
        </record>
    </data>
</openerp>
